{
    "name": "root",
    "gauges": {
        "Seeker.Policy.Entropy.mean": {
            "value": 0.7855736017227173,
            "min": 0.7855736017227173,
            "max": 1.3634283542633057,
            "count": 5
        },
        "Seeker.Policy.Entropy.sum": {
            "value": 39310.1015625,
            "min": 39310.1015625,
            "max": 68557.265625,
            "count": 5
        },
        "Seeker.Step.mean": {
            "value": 249978.0,
            "min": 49989.0,
            "max": 249978.0,
            "count": 5
        },
        "Seeker.Step.sum": {
            "value": 249978.0,
            "min": 49989.0,
            "max": 249978.0,
            "count": 5
        },
        "Seeker.Policy.ExtrinsicValueEstimate.mean": {
            "value": -0.03306269273161888,
            "min": -0.07258747518062592,
            "max": 0.04524816572666168,
            "count": 5
        },
        "Seeker.Policy.ExtrinsicValueEstimate.sum": {
            "value": -27.408973693847656,
            "min": -59.73949432373047,
            "max": 36.60576629638672,
            "count": 5
        },
        "Seeker.Environment.EpisodeLength.mean": {
            "value": 465.8269230769231,
            "min": 433.37391304347824,
            "max": 792.6610169491526,
            "count": 5
        },
        "Seeker.Environment.EpisodeLength.sum": {
            "value": 48446.0,
            "min": 46767.0,
            "max": 51355.0,
            "count": 5
        },
        "Seeker.Environment.CumulativeReward.mean": {
            "value": -0.12071946805316167,
            "min": -1.285259813539471,
            "max": -0.0018204294782860771,
            "count": 5
        },
        "Seeker.Environment.CumulativeReward.sum": {
            "value": -12.554824677528813,
            "min": -74.54506918528932,
            "max": -0.20934939000289887,
            "count": 5
        },
        "Seeker.Policy.ExtrinsicReward.mean": {
            "value": -0.12071946805316167,
            "min": -1.285259813539471,
            "max": -0.0018204294782860771,
            "count": 5
        },
        "Seeker.Policy.ExtrinsicReward.sum": {
            "value": -12.554824677528813,
            "min": -74.54506918528932,
            "max": -0.20934939000289887,
            "count": 5
        },
        "Seeker.Losses.PolicyLoss.mean": {
            "value": 0.023305092508283755,
            "min": 0.020962005971620477,
            "max": 0.023305092508283755,
            "count": 5
        },
        "Seeker.Losses.PolicyLoss.sum": {
            "value": 0.11652546254141877,
            "min": 0.0907279026811011,
            "max": 0.11652546254141877,
            "count": 5
        },
        "Seeker.Losses.ValueLoss.mean": {
            "value": 0.01394577848104139,
            "min": 0.005020029739049884,
            "max": 0.014667260569209853,
            "count": 5
        },
        "Seeker.Losses.ValueLoss.sum": {
            "value": 0.06972889240520695,
            "min": 0.020080118956199537,
            "max": 0.07333630284604926,
            "count": 5
        },
        "Seeker.Policy.LearningRate.mean": {
            "value": 0.00016427488524171997,
            "min": 0.00016427488524171997,
            "max": 0.00028456140514619997,
            "count": 5
        },
        "Seeker.Policy.LearningRate.sum": {
            "value": 0.0008213744262085998,
            "min": 0.0008213744262085998,
            "max": 0.0012840594719802,
            "count": 5
        },
        "Seeker.Policy.Epsilon.mean": {
            "value": 0.15475828,
            "min": 0.15475828,
            "max": 0.19485380000000002,
            "count": 5
        },
        "Seeker.Policy.Epsilon.sum": {
            "value": 0.7737914,
            "min": 0.7737914,
            "max": 0.9280198000000002,
            "count": 5
        },
        "Seeker.Policy.Beta.mean": {
            "value": 0.002742438172,
            "min": 0.002742438172,
            "max": 0.004743204619999999,
            "count": 5
        },
        "Seeker.Policy.Beta.sum": {
            "value": 0.013712190860000001,
            "min": 0.013712190860000001,
            "max": 0.021408188019999996,
            "count": 5
        },
        "Seeker.IsTraining.mean": {
            "value": 1.0,
            "min": 1.0,
            "max": 1.0,
            "count": 5
        },
        "Seeker.IsTraining.sum": {
            "value": 1.0,
            "min": 1.0,
            "max": 1.0,
            "count": 5
        }
    },
    "metadata": {
        "timer_format_version": "0.1.0",
        "start_time_seconds": "1784210864",
        "python_version": "3.10.12 | packaged by Anaconda, Inc. | (main, Jul  5 2023, 19:01:18) [MSC v.1916 64 bit (AMD64)]",
        "command_line_arguments": "C:\\Users\\Pichau\\miniconda3\\envs\\mlagents\\Scripts\\mlagents-learn --run-id=seeker2",
        "mlagents_version": "1.2.0.dev0",
        "mlagents_envs_version": "1.2.0.dev0",
        "communication_protocol_version": "1.5.0",
        "pytorch_version": "2.2.2+cu121",
        "numpy_version": "1.23.5",
        "end_time_seconds": "1784211691"
    },
    "total": 826.3798663999987,
    "count": 1,
    "self": 0.007646499994734768,
    "children": {
        "run_training.setup": {
            "total": 0.04259650000312831,
            "count": 1,
            "self": 0.04259650000312831
        },
        "TrainerController.start_learning": {
            "total": 826.3296234000009,
            "count": 1,
            "self": 0.43378839950310066,
            "children": {
                "TrainerController._reset_env": {
                    "total": 55.14622030000464,
                    "count": 1,
                    "self": 55.14622030000464
                },
                "TrainerController.advance": {
                    "total": 770.5278358004944,
                    "count": 31697,
                    "self": 0.43831240001600236,
                    "children": {
                        "env_step": {
                            "total": 688.9305034002318,
                            "count": 31697,
                            "self": 557.0163743006706,
                            "children": {
                                "SubprocessEnvManager._take_step": {
                                    "total": 131.62360249946505,
                                    "count": 31697,
                                    "self": 1.418092399420857,
                                    "children": {
                                        "TorchPolicy.evaluate": {
                                            "total": 130.2055101000442,
                                            "count": 31211,
                                            "self": 130.2055101000442
                                        }
                                    }
                                },
                                "workers": {
                                    "total": 0.2905266000962001,
                                    "count": 31696,
                                    "self": 0.0,
                                    "children": {
                                        "worker_root": {
                                            "total": 651.2353029001097,
                                            "count": 31696,
                                            "is_parallel": true,
                                            "self": 244.2300810001252,
                                            "children": {
                                                "steps_from_proto": {
                                                    "total": 0.004017999999632593,
                                                    "count": 1,
                                                    "is_parallel": true,
                                                    "self": 0.0011769999910029583,