{"count":1,"self":93.682656,"total":408.79348619999996,"children":{"InitializeActuators":{"count":18,"self":0.0020090999999999998,"total":0.0020090999999999998,"children":null},"InitializeSensors":{"count":18,"self":0.0010002,"total":0.0010002,"children":null},"AgentSendState":{"count":100034,"self":1.0790779,"total":26.172031,"children":{"CollectObservations":{"count":180063,"self":21.778284799999998,"total":21.7782841,"children":null},"WriteActionMask":{"count":180063,"self":0.23210689999999998,"total":0.23210689999999998,"children":null},"RequestDecision":{"count":180063,"self":0.9874187,"total":3.0825620999999996,"children":{"AgentInfo.ToProto":{"count":180063,"self":0.6165084,"total":2.0951434,"children":{"GenerateSensorData":{"count":180063,"self":1.478635,"total":1.478635,"children":null}}}}}}},"DecideAction":{"count":100034,"self":178.55592959999998,"total":178.55592819999998,"children":null},"AgentAct":{"count":100034,"self":110.3733376,"total":110.3763446,"children":{"AgentInfo.ToProto":{"count":105,"self":0,"total":0.0030104999999999997,"children":{"GenerateSensorData":{"count":105,"self":0.0030104999999999997,"total":0.0030104999999999997,"children":null}}}}},"AgentInfo.ToProto":{"count":106,"self":0.0005028,"total":0.0035166,"children":{"GenerateSensorData":{"count":106,"self":0.0030138,"total":0.0030138,"children":null}}}},"gauges":{"Seeker.CumulativeReward":{"count":211,"max":0.8807999,"min":-2.99868822,"runningAverage":-1.748418,"value":-2.43276238,"weightedAverage":-1.91473365}},"metadata":{"timer_format_version":"0.1.0","start_time_seconds":"1784162289","unity_version":"6000.0.75f1","command_line_arguments":"C:\\Program Files\\Unity\\Hub\\Editor\\6000.0.75f1\\Editor\\Unity.exe -projectpath C:\\Users\\Pichau\\Documents\\Repos\\PROJECT-IA -acceptSoftwareTermsForThisRunOnly -useHub -hubIPC -cloudEnvironment production","communication_protocol_version":"1.5.0","com.unity.ml-agents_version":"4.0.3","scene_name":"SampleScene","end_time_seconds":"1784162698"}}