{
    "name": "root",
    "gauges": {
        "Seeker.Policy.Entropy.mean": {
            "value": 1.3618593215942383,
            "min": 1.3486123085021973,
            "max": 1.3766214847564697,
            "count": 3
        },
        "Seeker.Policy.Entropy.sum": {
            "value": 67804.25,
            "min": 67484.5625,
            "max": 69307.3828125,
            "count": 3
        },
        "Seeker.Step.mean": {
            "value": 149947.0,
            "min": 49936.0,
            "max": 149947.0,
            "count": 3
        },
        "Seeker.Step.sum": {
            "value": 149947.0,
            "min": 49936.0,
            "max": 149947.0,
            "count": 3
        },
        "Seeker.Policy.ExtrinsicValueEstimate.mean": {
            "value": -0.10303562879562378,
            "min": -0.15354742109775543,
            "max": -0.10303562879562378,
            "count": 3
        },
        "Seeker.Policy.ExtrinsicValueEstimate.sum": {
            "value": -82.63457489013672,
            "min": -123.91276550292969,
            "max": -82.63457489013672,
            "count": 3
        },
        "Seeker.Environment.EpisodeLength.mean": {
            "value": 880.1929824561404,
            "min": 828.9636363636364,
            "max": 880.5,
            "count": 3
        },
        "Seeker.Environment.EpisodeLength.sum": {
            "value": 50171.0,
            "min": 45593.0,
            "max": 51069.0,
            "count": 3
        },
        "Seeker.Environment.CumulativeReward.mean": {
            "value": -1.7994620963872876,
            "min": -1.897796530893334,
            "max": -1.5312509364279157,
            "count": 3
        },
        "Seeker.Environment.CumulativeReward.sum": {
            "value": -104.36880159046268,
            "min": -108.17440226092003,
            "max": -84.21880150353536,
            "count": 3
        },
        "Seeker.Policy.ExtrinsicReward.mean": {
            "value": -1.7994620963872876,
            "min": -1.897796530893334,
            "max": -1.5312509364279157,
            "count": 3
        },
        "Seeker.Policy.ExtrinsicReward.sum": {
            "value": -104.36880159046268,
            "min": -108.17440226092003,
            "max": -84.21880150353536,
            "count": 3
        },
        "Seeker.Losses.PolicyLoss.mean": {
            "value": 0.02220393767114729,
            "min": 0.02220393767114729,
            "max": 0.02384594988233099,
            "count": 3
        },
        "Seeker.Losses.PolicyLoss.sum": {
            "value": 0.11101968835573645,
            "min": 0.0922136770406117,
            "max": 0.11922974941165496,
            "count": 3
        },
        "Seeker.Losses.ValueLoss.mean": {
            "value": 0.0031984263782457376,
            "min": 0.0031984263782457376,
            "max": 0.004923743090087858,
            "count": 3
        },
        "Seeker.Losses.ValueLoss.sum": {
            "value": 0.015992131891228688,
            "min": 0.015992131891228688,
            "max": 0.01969497236035143,
            "count": 3
        },
        "Seeker.Policy.LearningRate.mean": {
            "value": 0.00022600670466443998,
            "min": 0.00022600670466443998,
            "max": 0.00028459185513605,
            "count": 3
        },
        "Seeker.Policy.LearningRate.sum": {
            "value": 0.0011300335233222,
            "min": 0.0011300335233222,
            "max": 0.0012841446719517996,
            "count": 3
        },
        "Seeker.Policy.Epsilon.mean": {
            "value": 0.17533556,
            "min": 0.17533556,
            "max": 0.19486395000000006,
            "count": 3
        },
        "Seeker.Policy.Epsilon.sum": {
            "value": 0.8766778000000001,
            "min": 0.7794558000000003,
            "max": 0.9280482000000003,
            "count": 3
        },
        "Seeker.Policy.Beta.mean": {
            "value": 0.0037692444440000005,
            "min": 0.0037692444440000005,
            "max": 0.004743711104999999,
            "count": 3
        },
        "Seeker.Policy.Beta.sum": {
            "value": 0.018846222220000004,
            "min": 0.018846222220000004,
            "max": 0.02140960518,
            "count": 3
        },
        "Seeker.IsTraining.mean": {
            "value": 1.0,
            "min": 1.0,
            "max": 1.0,
            "count": 3
        },
        "Seeker.IsTraining.sum": {
            "value": 1.0,
            "min": 1.0,
            "max": 1.0,
            "count": 3
        }
    },
    "metadata": {
        "timer_format_version": "0.1.0",
        "start_time_seconds": "1784162272",
        "python_version": "3.10.12 | packaged by Anaconda, Inc. | (main, Jul  5 2023, 19:01:18) [MSC v.1916 64 bit (AMD64)]",
        "command_line_arguments": "C:\\Users\\Pichau\\miniconda3\\envs\\mlagents\\Scripts\\mlagents-learn --run-id=seeker1",
        "mlagents_version": "1.2.0.dev0",
        "mlagents_envs_version": "1.2.0.dev0",
        "communication_protocol_version": "1.5.0",
        "pytorch_version": "2.2.2+cu121",
        "numpy_version": "1.23.5",
        "end_time_seconds": "1784162684"
    },
    "total": 412.10868859999937,
    "count": 1,
    "self": 0.008770499998718151,
    "children": {
        "run_training.setup": {
            "total": 0.04040359999999055,
            "count": 1,
            "self": 0.04040359999999055
        },
        "TrainerController.start_learning": {
            "total": 412.05951450000066,
            "count": 1,
            "self": 0.26247400006104726,
            "children": {
                "TrainerController._reset_env": {
                    "total": 19.830565000000206,
                    "count": 1,
                    "self": 19.830565000000206
                },
                "TrainerController.advance": {
                    "total": 391.75032999994073,
                    "count": 20202,
                    "self": 0.2694350000092527,
                    "children": {
                        "env_step": {
                            "total": 347.20931990003373,
                            "count": 20202,
                            "self": 267.8482751999891,
                            "children": {
                                "SubprocessEnvManager._take_step": {
                                    "total": 79.18520439994609,
                                    "count": 20202,
                                    "self": 0.8920867999204347,
                                    "children": {
                                        "TorchPolicy.evaluate": {
                                            "total": 78.29311760002565,
                                            "count": 20004,
                                            "self": 78.29311760002565
                                        }
                                    }
                                },
                                "workers": {
                                    "total": 0.17584030009857088,
                                    "count": 20201,
                                    "self": 0.0,
                                    "children": {
                                        "worker_root": {
                                            "total": 385.7637197000531,
                                            "count": 20201,
                                            "is_parallel": true,
                                            "self": 143.55792170010136,
                                            "children": {
                                                "steps_from_proto": {
                                                    "total": 0.003957799999625422,
                                                    "count": 1,
                                                    "is_parallel": true,
                                                    "self": 0.0012268999980733497,