{
    "name": "root",
    "metadata": {
        "timer_format_version": "0.1.0",
        "start_time_seconds": "1784220070",
        "python_version": "3.10.12 | packaged by Anaconda, Inc. | (main, Jul  5 2023, 19:01:18) [MSC v.1916 64 bit (AMD64)]",
        "command_line_arguments": "C:\\Users\\Pichau\\miniconda3\\envs\\mlagents\\Scripts\\mlagents-learn --run-id=seeker4",
        "mlagents_version": "1.2.0.dev0",
        "mlagents_envs_version": "1.2.0.dev0",
        "communication_protocol_version": "1.5.0",
        "pytorch_version": "2.2.2+cu121",
        "numpy_version": "1.23.5",
        "end_time_seconds": "1784220502"
    },
    "total": 431.8125011999946,
    "count": 1,
    "self": 10.008723899998586,
    "children": {
        "run_training.setup": {
            "total": 0.03842799999983981,
            "count": 1,
            "self": 0.03842799999983981
        },
        "TrainerController.start_learning": {
            "total": 421.76534929999616,
            "count": 1,
            "self": 0.45520039995608386,
            "children": {
                "TrainerController._reset_env": {
                    "total": 18.10863010000321,
                    "count": 1,
                    "self": 18.10863010000321
                },
                "TrainerController.advance": {
                    "total": 403.0964273000427,
                    "count": 35664,
                    "self": 0.46346450068813283,
                    "children": {
                        "env_step": {
                            "total": 392.5267546998657,
                            "count": 35664,
                            "self": 241.60209750116337,
                            "children": {
                                "SubprocessEnvManager._take_step": {
                                    "total": 150.61754459993972,
                                    "count": 35664,
                                    "self": 1.4143754989054287,
                                    "children": {
                                        "TorchPolicy.evaluate": {
                                            "total": 149.2031691010343,
                                            "count": 35664,
                                            "self": 149.2031691010343
                                        }
                                    }
                                },
                                "workers": {
                                    "total": 0.30711259876261465,
                                    "count": 35663,
                                    "self": 0.0,
                                    "children": {
                                        "worker_root": {
                                            "total": 401.08091380109545,
                                            "count": 35663,
                                            "is_parallel": true,
                                            "self": 187.1680981022364,
                                            "children": {
                                                "steps_from_proto": {
                                                    "total": 0.0006246999982977286,
                                                    "count": 1,
                                                    "is_parallel": true,
                                                    "self": 0.0003014000103576109,
                                                    "children": {
                                                        "_process_rank_one_or_two_observation": {
                                                            "total": 0.0003232999879401177,
                                                            "count": 4,
                                                            "is_parallel": true,
                                                            "self": 0.0003232999879401177
                                                        }
                                                    }
                                                },
                                                "UnityEnvironment.step": {
                                                    "total": 213.91219099886075,
                                                    "count": 35663,
                                                    "is_parallel": true,
                                                    "self": 2.27219189995958,
                                                    "children": {
                                                        "UnityEnvironment._generate_step_input": {
                                                            "total": 1.8928004996560048,
                                                            "count": 35663,
                                                            "is_parallel": true,
                                                            "self": 1.8928004996560048
                                                        },
                                                        "communicator.exchange": {
                                                            "total": 201.61403280036757,
                                                            "count": 35663,
                                                            "is_parallel": true,
                                                            "self": 201.61403280036757
                                                        },
                                                        "steps_from_proto": {
                                                            "total": 8.133165798877599,
                                                            "count": 35663,
                                                            "is_parallel": true,
                                                            "self": 4.582387501024641,
                                                            "children": {
                                                                "_process_rank_one_or_two_observation": {
                                                                    "total": 3.5507782978529576,
                                                                    "count": 142652,
                                                                    "is_parallel": true,
                                                                    "self": 3.5507782978529576
                                                                }
                                                            }
                                                        }
                                                    }
                                                }
                                            }
                                        }
                                    }
                                }
                            }
                        },
                        "trainer_advance": {
                            "total": 10.106208099488867,
                            "count": 35663,
                            "self": 0.45368729942128994,
                            "children": {
                                "process_trajectory": {
                                    "total": 3.7254262000788003,
                                    "count": 35663,
                                    "self": 3.7254262000788003
                                },
                                "_update_policy": {
                                    "total": 5.927094599988777,
                                    "count": 3,
                                    "self": 4.145174499877612,
                                    "children": {
                                        "TorchPPOOptimizer.update": {
                                            "total": 1.781920100111165,
                                            "count": 90,